neo_id,name,approach_date,miss_distance_km,relative_velocity_kms,diameter_min_km,diameter_max_km,absolute_magnitude_h,is_potentially_hazardous,orbiting_body,diameter_mid_km,observed_at,semi_major_axis_au,eccentricity,inclination_deg,perihelion_au,aphelion_au,albedo,orbit_id,lunar_distance_ld,energy_proxy_j,tnt_megatons,crater_diameter_km,spectral_family,torino_scale,tisserand_jupiter,dynamical_class,hazard_level
1000002,(2022 CX),2026-09-15,14948459.5,23.346,0.554,0.865,22.4,False,Earth,0.7095,2026-10-02 20:02:30.629694939+00:00,2.4185,0.4227,18.53,1.3962,3.4408,0.032,12,38.89,1.3250251950845739e+20,31668.86,3.52,C (carbonée),0,3.323,Autre (Ceinture),Risque mineur
1000015,(2011 PA),2026-09-15,24139566.7,23.937,0.114,0.177,24.12,False,Earth,0.1455,2026-10-02 20:02:30.629694939+00:00,2.0203,0.3674,19.48,1.278,2.7626,0.433,45,62.8,1.201352327629785e+18,287.13,1.03,M (métallique),0,3.669,Amor (Frôleur ext.),Risque mineur
1000012,(2014 MX),2026-09-15,13246825.0,28.463,0.315,0.493,23.01,False,Earth,0.404,2026-10-02 20:02:30.629694939+00:00,1.6462,0.3837,26.79,1.0146,2.2778,0.232,32,34.46,3.6361970952158552e+19,8690.72,2.47,M (métallique),0,4.089,Apollo (Croiseur ext.),Risque mineur
1000023,(2003 XJ),2026-09-15,27916488.6,33.351,72.292,112.956,17.11,False,Earth,92.624,2026-10-02 20:02:30.629694939+00:00,2.1994,0.5128,22.85,1.0715,3.3273,0.039,11,72.62,6.016311193698116e+26,143793288568.31,184.04,C (carbonée),0,3.395,Amor (Frôleur ext.),Risque mineur
1000004,(2024 EP),2026-09-15,44666573.7,22.959,0.021,0.033,25.95,False,Earth,0.027000000000000003,2026-10-02 20:02:30.629694939+00:00,1.1097,0.3942,7.67,0.6723,1.5471,0.376,23,116.2,7062186839144187.0,1.69,0.27,M (métallique),0,5.531,Apollo (Croiseur ext.),Risque mineur
1000011,(2015 LW),2026-09-15,37585813.7,4.663,0.424,0.663,22.69,False,Earth,0.5435,2026-10-02 20:02:30.629694939+00:00,1.0414,0.4888,6.06,0.5324,1.5504,0.04,20,97.78,2.376136856737469e+18,567.91,1.41,C (carbonée),0,5.774,Apollo (Croiseur ext.),Risque mineur
1000003,(2023 DT),2026-09-15,58876768.5,29.611,456.131,712.705,15.11,False,Earth,584.418,2026-10-02 20:02:30.629694939+00:00,1.8128,0.1839,14.03,1.4794,2.1462,0.375,21,153.17,1.1912937800443931e+29,28472604685573.45,734.82,M (métallique),0,3.997,Autre (Ceinture),Risque mineur
1000009,(2017 JU),2026-09-15,51763721.4,14.106,2.329,3.639,20.84,False,Earth,2.984,2026-10-02 20:02:30.629694939+00:00,1.0566,0.1649,9.92,0.8824,1.2308,0.128,38,134.66,3.5987045256149016e+21,860111.02,8.65,S (silicatée),0,5.801,Apollo (Croiseur ext.),Risque mineur
1000001,(2021 BF),2026-09-15,39893781.7,32.033,0.09,0.141,24.37,False,Earth,0.11549999999999999,2026-10-02 20:02:30.629694939+00:00,1.2828,0.1613,14.0,1.0759,1.4897,0.29,17,103.78,1.0761756338252823e+18,257.21,0.98,M (métallique),0,5.008,Amor (Frôleur ext.),Risque mineur
1000016,(2010 QB),2026-09-15,11490314.6,19.827,3.185,4.976,20.5,False,Earth,4.0805,2026-10-02 20:02:30.629694939+00:00,1.5582,0.3115,5.35,1.0728,2.0436,0.055,38,29.89,1.8180094417197056e+22,4345146.85,12.82,C (carbonée),0,4.375,Amor (Frôleur ext.),Risque mineur
1000019,(2007 TE),2026-09-15,32662733.9,26.481,0.006,0.009,27.37,False,Earth,0.0075,2026-10-02 20:02:30.629694939+00:00,1.1288,0.3543,29.39,0.7289,1.5287,0.304,31,84.97,201369887485669.7,0.05,0.11,M (métallique),0,5.369,Apollo (Croiseur ext.),Risque mineur
1000006,(2026 GR),2026-09-15,38470727.6,27.56,1.782,2.785,21.13,False,Earth,2.2835,2026-10-02 20:02:30.629694939+00:00,2.0334,0.2372,18.3,1.5511,2.5157,0.234,14,100.08,6.156068574218884e+21,1471335.7,9.42,M (métallique),0,3.712,Autre (Ceinture),Risque mineur
1000016,(2010 QB),2026-09-16,14621308.7,12.593,0.007,0.011,27.09,False,Earth,0.009,2026-10-02 20:02:30.629694939+00:00,1.5582,0.3115,5.35,1.0728,2.0436,0.055,38,38.04,78691515553768.34,0.02,0.09,C (carbonée),0,4.375,Amor (Frôleur ext.),Risque mineur
1000014,(2012 OZ),2026-09-16,9501508.3,17.706,3.725,5.82,20.33,False,Earth,4.7725,2026-10-02 20:02:30.629694939+00:00,2.2382,0.2075,10.25,1.7738,2.7026,0.189,18,24.72,2.3196406219413203e+22,5544074.14,13.78,S (silicatée),0,3.588,Autre (Ceinture),Risque mineur
1000002,(2022 CX),2026-09-16,52636061.7,33.125,0.465,0.726,22.59,False,Earth,0.5955,2026-10-02 20:02:30.629694939+00:00,2.4185,0.4227,18.53,1.3962,3.4408,0.032,12,136.93,1.5772445882821863e+20,37697.05,3.58,C (carbonée),0,3.323,Autre (Ceinture),Risque mineur
1000008,(2018 IT),2026-09-16,65182740.0,10.807,0.082,0.128,24.48,False,Earth,0.10500000000000001,2026-10-02 20:02:30.629694939+00:00,2.1351,0.3951,26.58,1.2915,2.9787,0.381,39,169.57,9.202804046181861e+16,22.0,0.57,M (métallique),0,3.49,Amor (Frôleur ext.),Risque mineur
1000015,(2011 PA),2026-09-16,47988358.5,34.816,0.094,0.147,24.32,False,Earth,0.1205,2026-10-02 20:02:30.629694939+00:00,2.0203,0.3674,19.48,1.278,2.7626,0.433,45,124.84,1.4436465014363712e+18,345.04,1.05,M (métallique),0,3.669,Amor (Frôleur ext.),Risque mineur
1000011,(2015 LW),2026-09-16,49030158.7,4.604,0.024,0.037,25.8,False,Earth,0.0305,2026-10-02 20:02:30.629694939+00:00,1.0414,0.4888,6.06,0.5324,1.5504,0.04,20,127.55,409366332917462.75,0.1,0.15,C (carbonée),0,5.774,Apollo (Croiseur ext.),Risque mineur
1000000,(2020 AB),2026-09-16,64737113.3,7.498,9.707,15.168,19.29,False,Earth,12.4375,2026-10-02 20:02:30.629694939+00:00,1.4519,0.1924,20.4,1.1726,1.7312,0.033,42,168.41,7.362615623202029e+22,17597073.67,19.93,C (carbonée),0,4.556,Amor (Frôleur ext.),Risque mineur
1000003,(2023 DT),2026-09-16,19394616.2,32.083,0.087,0.136,24.41,False,Earth,0.1115,2026-10-02 20:02:30.629694939+00:00,1.8128,0.1839,14.03,1.4794,2.1462,0.375,21,50.45,9.712175450716774e+17,232.13,0.96,M (métallique),0,3.997,Autre (Ceinture),Risque mineur
1000013,(2013 NY),2026-09-16,28216708.2,20.635,0.07,0.11,24.64,False,Earth,0.09,2026-10-02 20:02:30.629694939+00:00,2.0082,0.3026,8.85,1.4005,2.6159,0.033,41,73.4,2.1128975978432822e+17,50.5,0.67,C (carbonée),0,3.762,Autre (Ceinture),Risque mineur
1000010,(2016 KV),2026-09-16,5282550.0,25.334,23.072,36.05,18.35,True,Earth,29.561,2026-10-02 20:02:30.629694939+00:00,1.3911,0.3052,20.89,0.9665,1.8157,0.031,41,13.74,1.128513792610501e+25,2697212697.44,66.91,C (carbonée),0,4.661,Apollo (Croiseur ext.),Extinction globale (> 1 km)
1000022,(2004 WH),2026-09-16,4812126.0,10.255,0.73,1.14,22.1,False,Earth,0.9349999999999999,2026-10-02 20:02:30.629694939+00:00,1.5184,0.2002,23.73,1.2144,1.8224,0.051,22,12.52,5.851243027835952e+19,13984.81,3.04,C (carbonée),0,4.396,Amor (Frôleur ext.),Risque mineur
1000024,(2002 YK),2026-09-16,30832453.9,24.837,0.212,0.331,23.44,False,Earth,0.2715,2026-10-02 20:02:30.629694939+00:00,2.1747,0.3467,7.83,1.4207,2.9287,0.417,32,80.21,8.403297731697452e+18,2008.44,1.71,M (métallique),0,3.595,Autre (Ceinture),Risque mineur
1000021,(2005 VG),2026-09-16,29943231.2,19.345,0.71,1.109,22.13,False,Earth,0.9095,2026-10-02 20:02:30.629694939+00:00,2.0196,0.5588,23.35,0.891,3.1482,0.204,43,77.9,1.9164061369109358e+20,45803.21,3.93,M (métallique),0,3.526,Apollo (Croiseur ext.),Risque mineur
1000009,(2017 JU),2026-09-17,56279628.4,25.908,15.962,24.941,18.75,False,Earth,20.4515,2026-10-02 20:02:30.629694939+00:00,1.0566,0.1649,9.92,0.8824,1.2308,0.128,38,146.41,3.9082762267393907e+24,934100436.6,50.7,S (silicatée),0,5.801,Apollo (Croiseur ext.),Risque mineur
1000013,(2013 NY),2026-09-17,58797444.7,24.787,0.44,0.688,22.65,False,Earth,0.564,2026-10-02 20:02:30.629694939+00:00,2.0082,0.3026,8.85,1.4005,2.6159,0.033,41,152.96,7.502866518684136e+19,17932.28,3.02,C (carbonée),0,3.762,Autre (Ceinture),Risque mineur
1000017,(2009 RC),2026-09-17,15836576.8,9.672,1.104,1.725,21.65,False,Earth,1.4145,2026-10-02 20:02:30.629694939+00:00,1.2016,0.2832,3.95,0.8613,1.5419,0.14,11,41.2,1.8021187517807998e+20,43071.67,4.09,S (silicatée),0,5.251,Apollo (Croiseur ext.),Risque mineur
1000012,(2014 MX),2026-09-17,42942778.7,6.619,8.533,13.332,19.43,False,Earth,10.932500000000001,2026-10-02 20:02:30.629694939+00:00,1.6462,0.3837,26.79,1.0146,2.2778,0.232,32,111.71,3.896594335405221e+22,9313083.98,17.06,M (métallique),0,4.089,Apollo (Croiseur ext.),Risque mineur
1000004,(2024 EP),2026-09-17,48624860.1,31.252,3.366,5.259,20.44,False,Earth,4.3125,2026-10-02 20:02:30.629694939+00:00,1.1097,0.3942,7.67,0.6723,1.5471,0.376,23,126.5,5.3319360277815625e+22,12743632.95,16.35,M (métallique),0,5.531,Apollo (Croiseur ext.),Risque mineur
1000015,(2011 PA),2026-09-17,4378243.4,29.894,0.058,0.091,24.84,False,Earth,0.0745,2026-10-02 20:02:30.629694939+00:00,2.0203,0.3674,19.48,1.278,2.7626,0.433,45,11.39,2.515236653691907e+17,60.12,0.68,M (métallique),0,3.669,Amor (Frôleur ext.),Risque mineur
1000023,(2003 XJ),2026-09-17,34772238.2,32.207,0.022,0.035,25.89,False,Earth,0.0285,2026-10-02 20:02:30.629694939+00:00,2.1994,0.5128,22.85,1.0715,3.3273,0.039,11,90.46,1.6344705551228272e+16,3.91,0.33,C (carbonée),0,3.395,Amor (Frôleur ext.),Risque mineur
1000000,(2020 AB),2026-09-17,46446243.7,25.493,0.147,0.23,23.84,False,Earth,0.1885,2026-10-02 20:02:30.629694939+00:00,1.4519,0.1924,20.4,1.1726,1.7312,0.033,42,120.83,2.962906387172918e+18,708.15,1.3,C (carbonée),0,4.556,Amor (Frôleur ext.),Risque mineur
1000008,(2018 IT),2026-09-17,44276512.2,18.271,0.514,0.804,22.48,False,Earth,0.659,2026-10-02 20:02:30.629694939+00:00,2.1351,0.3951,26.58,1.2915,2.9787,0.381,39,115.18,6.503136256366972e+19,15542.87,2.98,M (métallique),0,3.49,Amor (Frôleur ext.),Risque mineur
1000021,(2005 VG),2026-09-17,4573041.6,23.617,0.008,0.013,27.02,False,Earth,0.010499999999999999,2026-10-02 20:02:30.629694939+00:00,2.0196,0.5588,23.35,0.891,3.1482,0.204,43,11.9,439500457019555.4,0.11,0.13,M (métallique),0,3.526,Apollo (Croiseur ext.),Risque mineur
1000008,(2018 IT),2026-09-18,10279474.6,18.955,9.356,14.619,19.33,False,Earth,11.9875,2026-10-02 20:02:30.629694939+00:00,2.1351,0.3951,26.58,1.2915,2.9787,0.381,39,26.74,4.212844339633019e+23,100689396.26,29.13,M (métallique),0,3.49,Amor (Frôleur ext.),Risque mineur
1000003,(2023 DT),2026-09-18,45973126.4,13.017,25.532,39.894,18.24,False,Earth,32.713,2026-10-02 20:02:30.629694939+00:00,1.8128,0.1839,14.03,1.4794,2.1462,0.375,21,119.6,4.0376150009190733e+24,965013145.54,54.02,M (métallique),0,3.997,Autre (Ceinture),Risque mineur
1000014,(2012 OZ),2026-09-18,22011359.6,6.661,0.313,0.489,23.02,False,Earth,0.401,2026-10-02 20:02:30.629694939+00:00,2.2382,0.2075,10.25,1.7738,2.7026,0.189,18,57.26,1.9473945927820785e+18,465.44,1.3,S (silicatée),0,3.588,Autre (Ceinture),Risque mineur
1000006,(2026 GR),2026-09-18,18729047.0,15.146,0.275,0.43,23.16,False,Earth,0.35250000000000004,2026-10-02 20:02:30.629694939+00:00,2.0334,0.2372,18.3,1.5511,2.5157,0.234,14,48.72,6.839356527502888e+18,1634.65,1.69,M (métallique),0,3.712,Autre (Ceinture),Risque mineur
1000000,(2020 AB),2026-09-18,28181920.8,26.543,0.021,0.033,25.97,False,Earth,0.027000000000000003,2026-10-02 20:02:30.629694939+00:00,1.4519,0.1924,20.4,1.1726,1.7312,0.033,42,73.31,9439158554607448.0,2.26,0.29,C (carbonée),0,4.556,Amor (Frôleur ext.),Risque mineur
1000011,(2015 LW),2026-09-18,51235597.2,30.482,262.476,410.119,15.71,False,Earth,336.2975,2026-10-02 20:02:30.629694939+00:00,1.0414,0.4888,6.06,0.5324,1.5504,0.04,20,133.29,2.405469244814914e+28,5749209476135.07,483.64,C (carbonée),0,5.774,Apollo (Croiseur ext.),Risque mineur
1000021,(2005 VG),2026-09-18,18987010.6,19.84,3.366,5.259,20.44,False,Earth,4.3125,2026-10-02 20:02:30.629694939+00:00,2.0196,0.5588,23.35,0.891,3.1482,0.204,43,49.39,2.148882328791558e+22,5135952.03,13.39,M (métallique),0,3.526,Apollo (Croiseur ext.),Risque mineur
1000013,(2013 NY),2026-09-18,54941822.3,23.558,0.002,0.003,28.85,False,Earth,0.0025,2026-10-02 20:02:30.629694939+00:00,2.0082,0.3026,8.85,1.4005,2.6159,0.033,41,142.93,5902538595539.68,0.0,0.04,C (carbonée),0,3.762,Autre (Ceinture),Risque mineur
1000017,(2009 RC),2026-09-18,28541754.8,23.062,0.579,0.905,22.35,False,Earth,0.742,2026-10-02 20:02:30.629694939+00:00,1.2016,0.2832,3.95,0.8613,1.5419,0.14,11,74.25,1.4789300251747382e+20,35347.28,3.62,S (silicatée),0,5.251,Apollo (Croiseur ext.),Risque mineur
1000001,(2021 BF),2026-09-19,37705785.2,9.294,0.27,0.421,23.18,False,Earth,0.34550000000000003,2026-10-02 20:02:30.629694939+00:00,1.2828,0.1613,14.0,1.0759,1.4897,0.29,17,98.09,2.4248867810947615e+18,579.56,1.34,M (métallique),0,5.008,Amor (Frôleur ext.),Risque mineur
1000008,(2018 IT),2026-09-19,44675600.5,13.326,1.352,2.112,21.43,False,Earth,1.7320000000000002,2026-10-02 20:02:30.629694939+00:00,2.1351,0.3951,26.58,1.2915,2.9787,0.381,39,116.22,6.280370363383201e+20,150104.45,5.52,M (métallique),0,3.49,Amor (Frôleur ext.),Risque mineur
1000002,(2022 CX),2026-09-19,25738964.0,29.09,139.024,217.225,16.4,False,Earth,178.1245,2026-10-02 20:02:30.629694939+00:00,2.4185,0.4227,18.53,1.3962,3.4408,0.032,12,66.96,3.255370262661282e+27,778052166028.03,288.61,C (carbonée),0,3.323,Autre (Ceinture),Risque mineur
1000013,(2013 NY),2026-09-19,19283993.2,27.315,23.718,37.06,18.32,False,Earth,30.389000000000003,2026-10-02 20:02:30.629694939+00:00,2.0082,0.3026,8.85,1.4005,2.6159,0.033,41,50.17,1.4252584081091777e+25,3406449350.17,70.67,C (carbonée),0,3.762,Autre (Ceinture),Risque mineur
1000011,(2015 LW),2026-09-19,34631028.8,23.518,0.038,0.059,25.33,False,Earth,0.0485,2026-10-02 20:02:30.629694939+00:00,1.0414,0.4888,6.06,0.5324,1.5504,0.04,20,90.09,4.295047414171425e+16,10.27,0.44,C (carbonée),0,5.774,Apollo (Croiseur ext.),Risque mineur
1000000,(2020 AB),2026-09-19,36241434.0,18.513,0.002,0.004,28.2,False,Earth,0.003,2026-10-02 20:02:30.629694939+00:00,1.4519,0.1924,20.4,1.1726,1.7312,0.033,42,94.28,6298822077716.85,0.0,0.04,C (carbonée),0,4.556,Amor (Frôleur ext.),Risque mineur
1000007,(2019 HS),2026-09-19,35879683.0,25.144,0.047,0.074,25.07,False,Earth,0.0605,2026-10-02 20:02:30.629694939+00:00,1.133,0.3207,23.32,0.7696,1.4964,0.287,14,93.34,9.529647459088445e+16,22.78,0.53,M (métallique),0,5.405,Apollo (Croiseur ext.),Risque mineur
1000020,(2006 UF),2026-09-19,52631389.9,4.042,0.028,0.044,25.63,False,Earth,0.036,2026-10-02 20:02:30.629694939+00:00,2.0975,0.3497,21.53,1.364,2.831,0.147,19,136.92,518850327595040.9,0.12,0.16,S (silicatée),0,3.588,Autre (Ceinture),Risque mineur
1000022,(2004 WH),2026-09-19,63602701.8,9.943,0.716,1.119,22.12,False,Earth,0.9175,2026-10-02 20:02:30.629694939+00:00,1.5184,0.2002,23.73,1.2144,1.8224,0.051,22,165.46,5.197506872037159e+19,12422.34,2.95,C (carbonée),0,4.396,Amor (Frôleur ext.),Risque mineur
1000021,(2005 VG),2026-09-20,6833707.1,11.063,1.416,2.212,21.38,True,Earth,1.814,2026-10-02 20:02:30.629694939+00:00,2.0196,0.5588,23.35,0.891,3.1482,0.204,43,17.78,4.972784596944882e+20,118852.4,5.27,M (métallique),0,3.526,Apollo (Croiseur ext.),Extinction globale (> 1 km)
1000015,(2011 PA),2026-09-20,46424608.6,10.14,0.069,0.107,24.66,False,Earth,0.088,2026-10-02 20:02:30.629694939+00:00,2.0203,0.3674,19.48,1.278,2.7626,0.433,45,120.77,4.769423651829099e+16,11.4,0.48,M (métallique),0,3.669,Amor (Frôleur ext.),Risque mineur
1000016,(2010 QB),2026-09-20,34124182.3,10.213,0.469,0.732,22.58,False,Earth,0.6005,2026-10-02 20:02:30.629694939+00:00,1.5582,0.3115,5.35,1.0728,2.0436,0.055,38,88.77,1.5374028210816586e+19,3674.48,2.15,C (carbonée),0,4.375,Amor (Frôleur ext.),Risque mineur
1000014,(2012 OZ),2026-09-20,64154722.1,19.369,0.346,0.541,22.91,False,Earth,0.4435,2026-10-02 20:02:30.629694939+00:00,2.2382,0.2075,10.25,1.7738,2.7026,0.189,18,166.9,2.2276001857464504e+19,5324.09,2.25,S (silicatée),0,3.588,Autre (Ceinture),Risque mineur
1000013,(2013 NY),2026-09-20,5209523.6,22.439,0.008,0.013,26.99,False,Earth,0.010499999999999999,2026-10-02 20:02:30.629694939+00:00,2.0082,0.3026,8.85,1.4005,2.6159,0.033,41,13.55,396749939278982.2,0.09,0.13,C (carbonée),0,3.762,Autre (Ceinture),Risque mineur
1000000,(2020 AB),2026-09-20,5454265.3,16.193,0.177,0.276,23.64,False,Earth,0.2265,2026-10-02 20:02:30.629694939+00:00,1.4519,0.1924,20.4,1.1726,1.7312,0.033,42,14.19,2.0739640564127508e+18,495.69,1.23,C (carbonée),0,4.556,Amor (Frôleur ext.),Risque mineur
1000023,(2003 XJ),2026-09-20,6719775.5,9.135,1.026,1.603,21.73,True,Earth,1.3145,2026-10-02 20:02:30.629694939+00:00,2.1994,0.5128,22.85,1.0715,3.3273,0.039,11,17.48,1.2901519089597586e+20,30835.37,3.77,C (carbonée),0,3.395,Amor (Frôleur ext.),Extinction globale (> 1 km)
1000024,(2002 YK),2026-09-20,55603062.0,17.406,0.401,0.626,22.75,False,Earth,0.5135000000000001,2026-10-02 20:02:30.629694939+00:00,2.1747,0.3467,7.83,1.4207,2.9287,0.417,32,144.65,2.79229485939251e+19,6673.74,2.4,M (métallique),0,3.595,Autre (Ceinture),Risque mineur
1000017,(2009 RC),2026-09-21,14201553.6,15.292,0.066,0.103,24.72,False,Earth,0.08449999999999999,2026-10-02 20:02:30.629694939+00:00,1.2016,0.2832,3.95,0.8613,1.5419,0.14,11,36.94,9.603746328376877e+16,22.95,0.56,S (silicatée),0,5.251,Apollo (Croiseur ext.),Risque mineur
1000013,(2013 NY),2026-09-21,26216992.5,18.386,0.764,1.194,22.05,False,Earth,0.979,2026-10-02 20:02:30.629694939+00:00,2.0082,0.3026,8.85,1.4005,2.6159,0.033,41,68.2,2.1590592547760783e+20,51602.75,4.07,C (carbonée),0,3.762,Autre (Ceinture),Risque mineur
1000006,(2026 GR),2026-09-21,60641409.8,14.511,0.017,0.026,26.2,False,Earth,0.0215,2026-10-02 20:02:30.629694939+00:00,2.0334,0.2372,18.3,1.5511,2.5157,0.234,14,157.76,1424465838887510.2,0.34,0.19,M (métallique),0,3.712,Autre (Ceinture),Risque mineur
1000019,(2007 TE),2026-09-21,62331501.6,13.22,0.01,0.015,26.78,False,Earth,0.0125,2026-10-02 20:02:30.629694939+00:00,1.1288,0.3543,29.39,0.7289,1.5287,0.304,31,162.15,232345852205577.84,0.06,0.12,M (métallique),0,5.369,Apollo (Croiseur ext.),Risque mineur
1000020,(2006 UF),2026-09-21,5796337.6,29.607,0.233,0.364,23.34,False,Earth,0.2985,2026-10-02 20:02:30.629694939+00:00,2.0975,0.3497,21.53,1.364,2.831,0.147,19,15.08,1.5869519905134246e+19,3792.91,1.99,S (silicatée),0,3.588,Autre (Ceinture),Risque mineur
1000014,(2012 OZ),2026-09-21,29795820.3,19.298,0.058,0.091,24.84,False,Earth,0.0745,2026-10-02 20:02:30.629694939+00:00,2.2382,0.2075,10.25,1.7738,2.7026,0.189,18,77.51,1.0481788612722067e+17,25.05,0.56,S (silicatée),0,3.588,Autre (Ceinture),Risque mineur
1000023,(2003 XJ),2026-09-21,47052775.0,8.691,1.75,2.735,21.15,False,Earth,2.2424999999999997,2026-10-02 20:02:30.629694939+00:00,2.1994,0.5128,22.85,1.0715,3.3273,0.039,11,122.41,5.798008258470491e+20,138575.72,5.59,C (carbonée),0,3.395,Amor (Frôleur ext.),Risque mineur
1000001,(2021 BF),2026-09-21,37344312.8,8.981,0.02,0.031,26.0,False,Earth,0.025500000000000002,2026-10-02 20:02:30.629694939+00:00,1.2828,0.1613,14.0,1.0759,1.4897,0.29,17,97.15,910357362055246.1,0.22,0.17,M (métallique),0,5.008,Amor (Frôleur ext.),Risque mineur
1000002,(2022 CX),2026-09-21,34307147.8,26.003,0.894,1.396,21.88,False,Earth,1.145,2026-10-02 20:02:30.629694939+00:00,2.4185,0.4227,18.53,1.3962,3.4408,0.032,12,89.25,6.908843364892263e+20,165125.32,5.36,C (carbonée),0,3.323,Autre (Ceinture),Risque mineur
1000024,(2002 YK),2026-09-21,38810033.6,15.562,0.018,0.027,26.16,False,Earth,0.0225,2026-10-02 20:02:30.629694939+00:00,2.1747,0.3467,7.83,1.4207,2.9287,0.417,32,100.96,1877674684133988.2,0.45,0.2,M (métallique),0,3.595,Autre (Ceinture),Risque mineur
1000007,(2019 HS),2026-09-21,16997574.0,12.722,0.021,0.033,25.97,False,Earth,0.027000000000000003,2026-10-02 20:02:30.629694939+00:00,1.133,0.3207,23.32,0.7696,1.4964,0.287,14,44.22,2168423222054951.2,0.52,0.21,M (métallique),0,5.405,Apollo (Croiseur ext.),Risque mineur
1000012,(2014 MX),2026-09-22,44257316.6,7.117,0.815,1.274,21.98,False,Earth,1.0445,2026-10-02 20:02:30.629694939+00:00,1.6462,0.3837,26.79,1.0146,2.2778,0.232,32,115.13,3.928811924042431e+19,9390.09,2.82,M (métallique),0,4.089,Apollo (Croiseur ext.),Risque mineur
1000000,(2020 AB),2026-09-22,55411827.8,30.057,0.101,0.158,24.25,False,Earth,0.1295,2026-10-02 20:02:30.629694939+00:00,1.4519,0.1924,20.4,1.1726,1.7312,0.033,42,144.15,1.3354958491172593e+18,319.19,1.04,C (carbonée),0,4.556,Amor (Frôleur ext.),Risque mineur
1000009,(2017 JU),2026-09-22,55992540.7,10.019,0.73,1.14,22.1,False,Earth,0.9349999999999999,2026-10-02 20:02:30.629694939+00:00,1.0566,0.1649,9.92,0.8824,1.2308,0.128,38,145.66,5.5850306452445176e+19,13348.54,3.01,S (silicatée),0,5.801,Apollo (Croiseur ext.),Risque mineur
1000005,(2025 FQ),2026-09-22,18606566.9,28.111,0.33,0.516,22.96,False,Earth,0.42300000000000004,2026-10-02 20:02:30.629694939+00:00,1.7194,0.3752,23.87,1.0743,2.3645,0.049,21,48.4,4.07113652895342e+19,9730.25,2.55,C (carbonée),0,4.001,Amor (Frôleur ext.),Risque mineur
1000023,(2003 XJ),2026-09-22,14887140.5,4.353,9.53,14.89,19.31,False,Earth,12.21,2026-10-02 20:02:30.629694939+00:00,2.1994,0.5128,22.85,1.0715,3.3273,0.039,11,38.73,2.3478281248368514e+22,5611443.89,15.47,C (carbonée),0,3.395,Amor (Frôleur ext.),Risque mineur
1000021,(2005 VG),2026-09-22,43568892.3,6.826,1.718,2.685,21.17,False,Earth,2.2015000000000002,2026-10-02 20:02:30.629694939+00:00,2.0196,0.5588,23.35,0.891,3.1482,0.204,43,113.34,3.384002006600292e+20,80879.59,4.96,M (métallique),0,3.526,Apollo (Croiseur ext.),Risque mineur
1000013,(2013 NY),2026-09-22,4876696.2,27.105,0.014,0.021,26.44,False,Earth,0.0175,2026-10-02 20:02:30.629694939+00:00,2.0082,0.3026,8.85,1.4005,2.6159,0.033,41,12.69,2680124346348292.0,0.64,0.21,C (carbonée),0,3.762,Autre (Ceinture),Risque mineur
1000024,(2002 YK),2026-09-23,25441183.1,10.113,1.084,1.694,21.67,False,Earth,1.389,2026-10-02 20:02:30.629694939+00:00,2.1747,0.3467,7.83,1.4207,2.9287,0.417,32,66.18,1.8655578735176116e+20,44587.9,4.11,M (métallique),0,3.595,Autre (Ceinture),Risque mineur
1000000,(2020 AB),2026-09-23,7452177.3,21.912,3.492,5.456,20.4,True,Earth,4.474,2026-10-02 20:02:30.629694939+00:00,1.4519,0.1924,20.4,1.1726,1.7312,0.033,42,19.39,2.9268061059266256e+22,6995234.48,14.39,C (carbonée),0,4.556,Amor (Frôleur ext.),Extinction globale (> 1 km)
1000019,(2007 TE),2026-09-23,24398780.4,9.016,0.014,0.021,26.4,False,Earth,0.0175,2026-10-02 20:02:30.629694939+00:00,1.1288,0.3543,29.39,0.7289,1.5287,0.304,31,63.47,296540439407418.5,0.07,0.13,M (métallique),0,5.369,Apollo (Croiseur ext.),Risque mineur
1000012,(2014 MX),2026-09-23,54471276.0,33.973,5.903,9.224,19.83,False,Earth,7.5634999999999994,2026-10-02 20:02:30.629694939+00:00,1.6462,0.3837,26.79,1.0146,2.2778,0.232,32,141.7,3.399211650240221e+23,81243108.28,26.29,M (métallique),0,4.089,Apollo (Croiseur ext.),Risque mineur
1000001,(2021 BF),2026-09-23,62459181.1,16.025,0.035,0.055,25.4,False,Earth,0.045,2026-10-02 20:02:30.629694939+00:00,1.2828,0.1613,14.0,1.0759,1.4897,0.29,17,162.48,1.5928526131030168e+16,3.81,0.35,M (métallique),0,5.008,Amor (Frôleur ext.),Risque mineur
1000005,(2025 FQ),2026-09-23,57879194.8,23.253,1.303,2.036,21.47,False,Earth,1.6695,2026-10-02 20:02:30.629694939+00:00,1.7194,0.3752,23.87,1.0743,2.3645,0.049,21,150.57,1.7126129672336397e+21,409324.32,6.85,C (carbonée),0,4.001,Amor (Frôleur ext.),Risque mineur
1000015,(2011 PA),2026-09-23,35585250.6,15.891,0.362,0.566,22.86,False,Earth,0.46399999999999997,2026-10-02 20:02:30.629694939+00:00,2.0203,0.3674,19.48,1.278,2.7626,0.433,45,92.57,1.7171110048442083e+19,4103.99,2.13,M (métallique),0,3.669,Amor (Frôleur ext.),Risque mineur
1000006,(2026 GR),2026-09-24,38511135.2,27.481,0.137,0.214,23.92,False,Earth,0.1755,2026-10-02 20:02:30.629694939+00:00,2.0334,0.2372,18.3,1.5511,2.5157,0.234,14,100.19,2.7786791432002135e+18,664.12,1.27,M (métallique),0,3.712,Autre (Ceinture),Risque mineur
1000003,(2023 DT),2026-09-24,52711994.0,24.12,8.377,13.089,19.45,False,Earth,10.733,2026-10-02 20:02:30.629694939+00:00,1.8128,0.1839,14.03,1.4794,2.1462,0.375,21,137.13,4.896209245433843e+23,117022209.5,29.71,M (métallique),0,3.997,Autre (Ceinture),Risque mineur
1000012,(2014 MX),2026-09-24,30905025.3,17.589,0.114,0.179,24.11,False,Earth,0.1465,2026-10-02 20:02:30.629694939+00:00,1.6462,0.3837,26.79,1.0146,2.2778,0.232,32,80.4,6.621206709956207e+17,158.25,0.91,M (métallique),0,4.089,Apollo (Croiseur ext.),Risque mineur
1000015,(2011 PA),2026-09-24,55403108.3,29.933,15.104,23.6,18.81,False,Earth,19.352,2026-10-02 20:02:30.629694939+00:00,2.0203,0.3674,19.48,1.278,2.7626,0.433,45,144.13,4.41997722998352e+24,1056399911.56,51.74,M (métallique),0,3.669,Amor (Frôleur ext.),Risque mineur
1000002,(2022 CX),2026-09-24,29839324.3,6.843,0.416,0.65,22.71,False,Earth,0.533,2026-10-02 20:02:30.629694939+00:00,2.4185,0.4227,18.53,1.3962,3.4408,0.032,12,77.63,4.8263263131929e+18,1153.52,1.64,C (carbonée),0,3.323,Autre (Ceinture),Risque mineur
1000001,(2021 BF),2026-09-24,22146375.1,26.332,0.195,0.305,23.53,False,Earth,0.25,2026-10-02 20:02:30.629694939+00:00,1.2828,0.1613,14.0,1.0759,1.4897,0.29,17,57.61,7.374450986455731e+18,1762.54,1.64,M (métallique),0,5.008,Amor (Frôleur ext.),Risque mineur
1000022,(2004 WH),2026-09-24,33872366.5,33.656,0.39,0.61,22.78,False,Earth,0.5,2026-10-02 20:02:30.629694939+00:00,1.5184,0.2002,23.73,1.2144,1.8224,0.051,22,88.12,9.637779492535142e+19,23034.85,3.15,C (carbonée),0,4.396,Amor (Frôleur ext.),Risque mineur
1000023,(2003 XJ),2026-09-24,5808456.3,14.878,4.238,6.621,20.19,True,Earth,5.429500000000001,2026-10-02 20:02:30.629694939+00:00,2.1994,0.5128,22.85,1.0715,3.3273,0.039,11,15.11,2.4116295447945727e+22,5763932.95,14.12,C (carbonée),0,3.395,Amor (Frôleur ext.),Extinction globale (> 1 km)
1000019,(2007 TE),2026-09-24,34553501.4,32.517,1.766,2.76,21.14,False,Earth,2.263,2026-10-02 20:02:30.629694939+00:00,1.1288,0.3543,29.39,0.7289,1.5287,0.304,31,89.89,8.340970371193049e+21,1993539.76,10.06,M (métallique),0,5.369,Apollo (Croiseur ext.),Risque mineur
1000016,(2010 QB),2026-09-24,25999729.6,10.167,0.006,0.009,27.45,False,Earth,0.0075,2026-10-02 20:02:30.629694939+00:00,1.5582,0.3115,5.35,1.0728,2.0436,0.055,38,67.64,29683247407687.32,0.01,0.07,C (carbonée),0,4.375,Amor (Frôleur ext.),Risque mineur
1000008,(2018 IT),2026-09-24,53158481.2,7.567,9.887,15.449,19.27,False,Earth,12.668,2026-10-02 20:02:30.629694939+00:00,2.1351,0.3951,26.58,1.2915,2.9787,0.381,39,138.29,7.923436954275646e+22,18937468.82,20.3,M (métallique),0,3.49,Amor (Frôleur ext.),Risque mineur
1000011,(2015 LW),2026-09-24,31316366.6,20.165,161.098,251.715,16.24,False,Earth,206.4065,2026-10-02 20:02:30.629694939+00:00,1.0414,0.4888,6.06,0.5324,1.5504,0.04,20,81.47,2.43393253606912e+27,581723837492.62,275.55,C (carbonée),0,5.774,Apollo (Croiseur ext.),Risque mineur
1000009,(2017 JU),2026-09-24,66269506.1,22.162,0.327,0.511,22.97,False,Earth,0.41900000000000004,2026-10-02 20:02:30.629694939+00:00,1.0566,0.1649,9.92,0.8824,1.2308,0.128,38,172.4,2.4592458353431593e+19,5877.74,2.28,S (silicatée),0,5.801,Apollo (Croiseur ext.),Risque mineur
1000000,(2020 AB),2026-09-24,16084838.6,13.02,5.434,8.49,19.92,False,Earth,6.962,2026-10-02 20:02:30.629694939+00:00,1.4519,0.1924,20.4,1.1726,1.7312,0.033,42,41.84,3.893731494170127e+22,9306241.62,16.16,C (carbonée),0,4.556,Amor (Frôleur ext.),Risque mineur
1000005,(2025 FQ),2026-09-25,11324223.0,6.97,0.011,0.018,26.67,False,Earth,0.014499999999999999,2026-10-02 20:02:30.629694939+00:00,1.7194,0.3752,23.87,1.0743,2.3645,0.049,21,29.46,100811839080025.86,0.02,0.1,C (carbonée),0,4.001,Amor (Frôleur ext.),Risque mineur
1000008,(2018 IT),2026-09-25,18889054.4,4.356,0.006,0.01,27.28,False,Earth,0.008,2026-10-02 20:02:30.629694939+00:00,2.1351,0.3951,26.58,1.2915,2.9787,0.381,39,49.14,6612834866161.28,0.0,0.05,M (métallique),0,3.49,Amor (Frôleur ext.),Risque mineur
1000001,(2021 BF),2026-09-25,28219400.1,11.368,6.125,9.57,19.79,False,Earth,7.8475,2026-10-02 20:02:30.629694939+00:00,1.2828,0.1613,14.0,1.0759,1.4897,0.29,17,73.41,4.251126981508955e+22,10160437.34,16.71,M (métallique),0,5.008,Amor (Frôleur ext.),Risque mineur
1000000,(2020 AB),2026-09-25,28692637.8,20.066,17.182,26.848,18.67,False,Earth,22.015,2026-10-02 20:02:30.629694939+00:00,1.4519,0.1924,20.4,1.1726,1.7312,0.033,42,74.64,2.924284752595537e+24,698920829.97,47.98,C (carbonée),0,4.556,Amor (Frôleur ext.),Risque mineur
1000013,(2013 NY),2026-09-25,12991283.9,13.591,11.043,17.255,19.15,False,Earth,14.149,2026-10-02 20:02:30.629694939+00:00,2.0082,0.3026,8.85,1.4005,2.6159,0.033,41,33.8,3.561410537205972e+23,85119754.71,28.63,C (carbonée),0,3.762,Autre (Ceinture),Risque mineur
1000014,(2012 OZ),2026-09-25,67095933.1,12.104,57.955,90.555,17.35,False,Earth,74.255,2026-10-02 20:02:30.629694939+00:00,2.2382,0.2075,10.25,1.7738,2.7026,0.189,18,174.55,4.082976797250334e+25,9758548750.6,99.16,S (silicatée),0,3.588,Autre (Ceinture),Risque mineur
1000023,(2003 XJ),2026-09-25,4953854.0,23.712,0.002,0.004,28.4,False,Earth,0.003,2026-10-02 20:02:30.629694939+00:00,2.1994,0.5128,22.85,1.0715,3.3273,0.039,11,12.89,10333373122130.49,0.0,0.05,C (carbonée),0,3.395,Amor (Frôleur ext.),Risque mineur
1000016,(2010 QB),2026-09-25,20954394.4,32.786,15.962,24.941,18.75,False,Earth,20.4515,2026-10-02 20:02:30.629694939+00:00,1.5582,0.3115,5.35,1.0728,2.0436,0.055,38,54.51,6.258847116321447e+24,1495900362.41,56.23,C (carbonée),0,4.375,Amor (Frôleur ext.),Risque mineur
1000012,(2014 MX),2026-09-25,17238732.8,32.135,0.654,1.021,22.22,False,Earth,0.8374999999999999,2026-10-02 20:02:30.629694939+00:00,1.6462,0.3837,26.79,1.0146,2.2778,0.232,32,44.85,4.1290774607440485e+20,98687.32,4.61,M (métallique),0,4.089,Apollo (Croiseur ext.),Risque mineur
1000021,(2005 VG),2026-09-25,36422899.6,4.198,0.125,0.195,24.02,False,Earth,0.16,2026-10-02 20:02:30.629694939+00:00,2.0196,0.5588,23.35,0.891,3.1482,0.204,43,94.75,4.91345282968566e+16,11.74,0.52,M (métallique),0,3.526,Apollo (Croiseur ext.),Risque mineur
1000007,(2019 HS),2026-09-25,21753081.3,10.571,14.161,22.126,18.88,False,Earth,18.1435,2026-10-02 20:02:30.629694939+00:00,1.133,0.3207,23.32,0.7696,1.4964,0.287,14,56.59,4.54294341480518e+23,108578953.51,31.13,M (métallique),0,5.405,Apollo (Croiseur ext.),Risque mineur
1000004,(2024 EP),2026-09-26,43219778.7,25.607,0.482,0.754,22.55,False,Earth,0.618,2026-10-02 20:02:30.629694939+00:00,1.1097,0.3942,7.67,0.6723,1.5471,0.376,23,112.43,1.0534763802489592e+20,25178.69,3.29,M (métallique),0,5.531,Apollo (Croiseur ext.),Risque mineur
1000018,(2008 SD),2026-09-26,36638527.1,24.589,0.697,1.089,22.15,False,Earth,0.893,2026-10-02 20:02:30.629694939+00:00,1.059,0.2198,12.85,0.8262,1.2918,0.244,17,95.31,2.9307453540053664e+20,70046.5,4.31,M (métallique),0,5.773,Apollo (Croiseur ext.),Risque mineur
1000022,(2004 WH),2026-09-26,8546674.6,10.377,5.002,7.815,20.01,False,Earth,6.4085,2026-10-02 20:02:30.629694939+00:00,1.5184,0.2002,23.73,1.2144,1.8224,0.051,22,22.23,1.9291001466317735e+22,4610660.01,13.71,C (carbonée),0,4.396,Amor (Frôleur ext.),Risque mineur
1000024,(2002 YK),2026-09-26,20411229.2,7.096,24.837,38.807,18.27,False,Earth,31.822000000000003,2026-10-02 20:02:30.629694939+00:00,2.1747,0.3467,7.83,1.4207,2.9287,0.417,32,53.1,1.104464096290687e+24,263973254.37,40.48,M (métallique),0,3.595,Autre (Ceinture),Risque mineur
1000006,(2026 GR),2026-09-26,23646480.1,12.096,37.591,58.736,17.82,False,Earth,48.1635,2026-10-02 20:02:30.629694939+00:00,2.0334,0.2372,18.3,1.5511,2.5157,0.234,14,61.52,1.1127039981150808e+25,2659426381.73,70.73,M (métallique),0,3.712,Autre (Ceinture),Risque mineur
1000001,(2021 BF),2026-09-26,64949357.0,19.616,1.403,2.192,21.39,False,Earth,1.7975,2026-10-02 20:02:30.629694939+00:00,1.2828,0.1613,14.0,1.0759,1.4897,0.29,17,168.96,1.5211413685775203e+21,363561.51,6.73,M (métallique),0,5.008,Amor (Frôleur ext.),Risque mineur
1000000,(2020 AB),2026-09-26,3552837.8,20.077,10.644,16.631,19.19,True,Earth,13.6375,2026-10-02 20:02:30.629694939+00:00,1.4519,0.1924,20.4,1.1726,1.7312,0.033,42,9.24,6.958953000995796e+23,166322968.48,33.04,C (carbonée),7,4.556,Amor (Frôleur ext.),Extinction globale (> 1 km)
1000009,(2017 JU),2026-09-27,65862094.6,4.135,1.256,1.963,21.51,False,Earth,1.6095000000000002,2026-10-02 20:02:30.629694939+00:00,1.0566,0.1649,9.92,0.8824,1.2308,0.128,38,171.34,4.8525044849506705e+19,11597.76,3.11,S (silicatée),0,5.801,Apollo (Croiseur ext.),Risque mineur
1000005,(2025 FQ),2026-09-27,35404089.0,21.918,0.022,0.034,25.93,False,Earth,0.028,2026-10-02 20:02:30.629694939+00:00,1.7194,0.3752,23.87,1.0743,2.3645,0.049,21,92.1,7178238995540045.0,1.72,0.28,C (carbonée),0,4.001,Amor (Frôleur ext.),Risque mineur
1000022,(2004 WH),2026-09-27,12408852.0,33.1,1.702,2.66,21.18,False,Earth,2.181,2026-10-02 20:02:30.629694939+00:00,1.5184,0.2002,23.73,1.2144,1.8224,0.051,22,32.28,7.736863930298168e+21,1849154.86,9.85,C (carbonée),0,4.396,Amor (Frôleur ext.),Risque mineur
1000013,(2013 NY),2026-09-27,3153010.6,10.39,1.303,2.036,21.47,True,Earth,1.6695,2026-10-02 20:02:30.629694939+00:00,2.0082,0.3026,8.85,1.4005,2.6159,0.033,41,8.2,3.4192616861555366e+20,81722.32,4.8,C (carbonée),7,3.762,Autre (Ceinture),Extinction globale (> 1 km)
1000016,(2010 QB),2026-09-27,63627690.1,7.933,0.019,0.03,26.06,False,Earth,0.0245,2026-10-02 20:02:30.629694939+00:00,1.5582,0.3115,5.35,1.0728,2.0436,0.055,38,165.52,629963136006701.8,0.15,0.16,C (carbonée),0,4.375,Amor (Frôleur ext.),Risque mineur
1000019,(2007 TE),2026-09-27,24434358.1,14.126,0.001,0.001,29.5,False,Earth,0.001,2026-10-02 20:02:30.629694939+00:00,1.1288,0.3543,29.39,0.7289,1.5287,0.304,31,63.56,135825207897.26,0.0,0.02,M (métallique),0,5.369,Apollo (Croiseur ext.),Risque mineur
1000021,(2005 VG),2026-09-27,46852108.4,11.974,8.0,12.5,19.5,False,Earth,10.25,2026-10-02 20:02:30.629694939+00:00,2.0196,0.5588,23.35,0.891,3.1482,0.204,43,121.88,1.0509742571037922e+23,25118887.6,21.06,M (métallique),0,3.526,Apollo (Croiseur ext.),Risque mineur
1000020,(2006 UF),2026-09-27,17157945.5,9.939,1.799,2.811,21.12,False,Earth,2.3049999999999997,2026-10-02 20:02:30.629694939+00:00,2.0975,0.3497,21.53,1.364,2.831,0.147,19,44.64,8.234555196748232e+20,196810.59,6.06,S (silicatée),0,3.588,Autre (Ceinture),Risque mineur
1000006,(2026 GR),2026-09-27,64354929.7,34.843,0.212,0.331,23.44,False,Earth,0.2715,2026-10-02 20:02:30.629694939+00:00,2.0334,0.2372,18.3,1.5511,2.5157,0.234,14,167.42,1.653798364992497e+19,3952.67,1.98,M (métallique),0,3.712,Autre (Ceinture),Risque mineur
1000012,(2014 MX),2026-09-28,21072047.6,12.488,0.322,0.503,22.99,False,Earth,0.4125,2026-10-02 20:02:30.629694939+00:00,1.6462,0.3837,26.79,1.0146,2.2778,0.232,32,54.82,7.450743513584659e+18,1780.77,1.75,M (métallique),0,4.089,Apollo (Croiseur ext.),Risque mineur
1000008,(2018 IT),2026-09-28,27057787.0,5.052,0.225,0.351,23.38,False,Earth,0.288,2026-10-02 20:02:30.629694939+00:00,2.1351,0.3951,26.58,1.2915,2.9787,0.381,39,70.39,4.1499811269974054e+17,99.19,0.89,M (métallique),0,3.49,Amor (Frôleur ext.),Risque mineur
1000007,(2019 HS),2026-09-28,43734134.5,22.097,5.795,9.055,19.85,False,Earth,7.425,2026-10-02 20:02:30.629694939+00:00,1.133,0.3207,23.32,0.7696,1.4964,0.287,14,113.77,1.3604982263848814e+23,32516688.01,21.45,M (métallique),0,5.405,Apollo (Croiseur ext.),Risque mineur
1000003,(2023 DT),2026-09-28,22099537.3,23.477,26.248,41.013,18.21,False,Earth,33.6305,2026-10-02 20:02:30.629694939+00:00,1.8128,0.1839,14.03,1.4794,2.1462,0.375,21,57.49,1.4270104293539904e+25,3410636781.44,71.55,M (métallique),0,3.997,Autre (Ceinture),Risque mineur
1000015,(2011 PA),2026-09-28,15837605.6,26.203,0.267,0.418,23.19,False,Earth,0.3425,2026-10-02 20:02:30.629694939+00:00,2.0203,0.3674,19.48,1.278,2.7626,0.433,45,41.2,1.877697965881477e+19,4487.81,2.1,M (métallique),0,3.669,Amor (Frôleur ext.),Risque mineur
1000011,(2015 LW),2026-09-28,39315310.5,20.772,1.641,2.564,21.22,False,Earth,2.1025,2026-10-02 20:02:30.629694939+00:00,1.0414,0.4888,6.06,0.5324,1.5504,0.04,20,102.28,2.729647807589836e+21,652401.48,7.8,C (carbonée),0,5.774,Apollo (Croiseur ext.),Risque mineur
1000020,(2006 UF),2026-09-28,50343927.6,18.164,0.398,0.621,22.76,False,Earth,0.5095000000000001,2026-10-02 20:02:30.629694939+00:00,2.0975,0.3497,21.53,1.364,2.831,0.147,19,130.97,2.97028092418184e+19,7099.14,2.43,S (silicatée),0,3.588,Autre (Ceinture),Risque mineur
