neo_id,name,approach_date,miss_distance_km,relative_velocity_kms,diameter_min_km,diameter_max_km,absolute_magnitude_h,is_potentially_hazardous,orbiting_body,diameter_mid_km,observed_at,reject_reason
1000011,(2015 LW),2026-09-17,56589114.9,4.442,1145.75,1790.235,14.11,False,Earth,1467.9924999999998,2026-10-02 20:02:30.629694939+00:00,domain_diameter
1000009,(2017 JU),2026-09-17,-1884.3,12.34,0.296,0.463,23.08,False,Earth,0.3795,2026-10-02 20:02:30.629694939+00:00,domain_miss_distance
1000008,(2018 IT),2026-09-17,-1394.4,19.647,0.416,0.65,22.71,False,Earth,0.533,2026-10-02 20:02:30.629694939+00:00,domain_miss_distance
1000002,(2022 CX),2026-09-18,65219829.3,17.933,4776.282,7462.941,12.56,False,Earth,6119.6115,2026-10-02 20:02:30.629694939+00:00,domain_diameter
1000005,(2025 FQ),2026-09-19,6443937.4,19.519,1510.393,2359.989,13.81,True,Earth,1935.191,2026-10-02 20:02:30.629694939+00:00,domain_diameter
1000014,(2012 OZ),2026-09-19,10684619.2,9.965,0.0,0.0,30.38,False,Earth,0.0,2026-10-02 20:02:30.629694939+00:00,domain_diameter
1000004,(2024 EP),2026-09-19,151270772.9,31.767,4.16,6.5,20.21,False,Earth,5.33,2026-10-02 20:02:30.629694939+00:00,domain_miss_distance
1000000,(2020 AB),2026-09-19,111598342.9,18.281,2.826,4.415,20.63,False,Earth,3.6205,2026-10-02 20:02:30.629694939+00:00,domain_miss_distance
1000015,(2011 PA),2026-09-20,122322677.9,24.139,24.609,38.451,18.28,False,Earth,31.53,2026-10-02 20:02:30.629694939+00:00,domain_miss_distance
1000015,(2011 PA),2026-09-20,122322677.9,24.139,24.609,38.451,18.28,False,Earth,31.53,2026-10-02 20:02:30.629694939+00:00,domain_miss_distance
1000019,(2007 TE),2026-09-22,115341568.6,5.369,1.524,2.381,21.3,False,Earth,1.9525,2026-10-02 20:02:30.629694939+00:00,domain_miss_distance
1000005,(2025 FQ),2026-09-22,130472740.5,18.989,1.799,2.811,21.12,False,Earth,2.3049999999999997,2026-10-02 20:02:30.629694939+00:00,domain_miss_distance
1000004,(2024 EP),2026-09-23,135910579.1,23.861,0.42,0.656,22.7,False,Earth,0.538,2026-10-02 20:02:30.629694939+00:00,domain_miss_distance
1000011,(2015 LW),2026-09-24,-1839.3,4.691,0.25,0.391,23.26,False,Earth,0.3205,2026-10-02 20:02:30.629694939+00:00,domain_miss_distance
1000011,(2015 LW),,35564844.0,19.278,16.259,25.405,18.73,False,Earth,20.832,2026-10-02 20:02:30.629694939+00:00,completeness_key;valid_date
1000023,(2003 XJ),2026-09-25,164390274.2,27.101,0.325,0.508,22.98,False,Earth,0.4165,2026-10-02 20:02:30.629694939+00:00,domain_miss_distance
1000001,(2021 BF),,7478606.6,29.414,5.237,8.183,19.96,True,Earth,6.71,2026-10-02 20:02:30.629694939+00:00,completeness_key;valid_date
1000022,(2004 WH),,2951806.8,11.974,0.21,0.329,23.45,False,Earth,0.2695,2026-10-02 20:02:30.629694939+00:00,completeness_key;valid_date
1000007,(2019 HS),2026-09-28,29801763.2,21.793,0.0,0.0,30.31,False,Earth,0.0,2026-10-02 20:02:30.629694939+00:00,domain_diameter
1000021,(2005 VG),,58959041.8,31.729,35.57,55.579,17.88,False,Earth,45.5745,2026-10-02 20:02:30.629694939+00:00,completeness_key;valid_date
